Business / DBA Name,Legal Entity Name,Street Address,City,State,ZIP Code,NAICS Code,Industry Category,Entity Type,Permit Issue Date,MSSP Regulatory Sales Hook
7021 MULTISERVICES,IDALIA CARINA PINEDA,7021 MYRTLE ST,HOUSTON,TX,77087,541191,"Professional, Scientific, and Technical Services (Legal, Accounting, IT)",Type IS,2023-07-26T00:00:00.000,State Bar Ethics / Client Wire Fraud / Escrow Defense
A H R MULTISERVICE LLC,SANDRA SANCHEZ,9426 SHERBOURNE ST,HOUSTON,TX,77016,541191,"Professional, Scientific, and Technical Services (Legal, Accounting, IT)",Type IS,2024-04-11T00:00:00.000,State Bar Ethics / Client Wire Fraud / Escrow Defense
A&L MULTISERVICES,NORA IVANA RAMOS,208 LUTHER ST,HOUSTON,TX,77076,541120,"Professional, Scientific, and Technical Services (Legal, Accounting, IT)",Type IS,2025-01-17T00:00:00.000,State Bar Ethics / Client Wire Fraud / Escrow Defense
A-1 AUTO TITLE SERVICES,KOMAL DHILLON,3971 ADE ST,HOUSTON,TX,77063,541191,"Professional, Scientific, and Technical Services (Legal, Accounting, IT)",Type IS,2023-11-01T00:00:00.000,State Bar Ethics / Client Wire Fraud / Escrow Defense
AC PROFESSIONAL MULTISERVICES,ANA ELSY CRUZ VENTURA,616 CYPRESS CREEK PKWY STE 294,HOUSTON,TX,77090,541191,"Professional, Scientific, and Technical Services (Legal, Accounting, IT)",Type IS,2025-09-23T00:00:00.000,State Bar Ethics / Client Wire Fraud / Escrow Defense
ADELANTE GO AHEAD TITLE TRANSFER SERVICE,MARIA M VALDEZ,1527 AIRLINE DR,HOUSTON,TX,77009,541120,"Professional, Scientific, and Technical Services (Legal, Accounting, IT)",Type IS,2023-08-25T00:00:00.000,State Bar Ethics / Client Wire Fraud / Escrow Defense
AFFORDABLE AUTO TITLE & NOTARY,MANJIT S BHAR,9838 PHIL HALSTEAD DR,HOUSTON,TX,77086,541120,"Professional, Scientific, and Technical Services (Legal, Accounting, IT)",Type IS,2024-01-09T00:00:00.000,State Bar Ethics / Client Wire Fraud / Escrow Defense
"AKIN, GUMP ET AL","AKIN, GUMP, STRAUSS, HAUER, & FELD LLP",1111 LOUISIANA ST FL 44,HOUSTON,TX,77002,541110,Offices of Lawyers,Type PB,2004-05-03T00:00:00.000,State Bar Ethics / Client Wire Fraud / Escrow Defense
ALAMO TITLE COMPANY,ALAMO TITLE COMPANY,1110 N POST OAK RD,HOUSTON,TX,77055,541191,"Professional, Scientific, and Technical Services (Legal, Accounting, IT)",Texas Corporation,2014-01-14T00:00:00.000,State Bar Ethics / Client Wire Fraud / Escrow Defense
ALEJANDRE'S PUBLIC NOTARY SERVICE L.L.C.,ALEJANDRE'S PUBLIC NOTARY SERVICE L.L.C.,8331 WAYFARER LN,HOUSTON,TX,77075,541120,"Professional, Scientific, and Technical Services (Legal, Accounting, IT)",Limited Liability Company (LLC),2026-09-14T00:00:00.000,State Bar Ethics / Client Wire Fraud / Escrow Defense
ALL AUTO MULTISERVICE,JAMES BRUCE MENJIVAR LOPEZ,6906 ATWELL DR STE 216,HOUSTON,TX,77081,541191,"Professional, Scientific, and Technical Services (Legal, Accounting, IT)",Type IS,2025-07-24T00:00:00.000,State Bar Ethics / Client Wire Fraud / Escrow Defense
ALL LEGAL RESOURCES,QUICK LEGAL LLC,2646 S LOOP W STE 380,HOUSTON,TX,77054,541110,Offices of Lawyers,Limited Liability Company (LLC),2026-09-04T00:00:00.000,State Bar Ethics / Client Wire Fraud / Escrow Defense
ALL TEXAS NOTARY AND TITLE TRANSFER,YERALDI BIANET ROMERO,210 GULF BANK RD,HOUSTON,TX,77037,541120,"Professional, Scientific, and Technical Services (Legal, Accounting, IT)",Type IS,2024-04-04T00:00:00.000,State Bar Ethics / Client Wire Fraud / Escrow Defense
ALLEN OVERY SHEARMAN STERLING US LLP,ALLEN OVERY SHEARMAN STERLING US LLP,800 CAPITOL ST STE 2200,HOUSTON,TX,77002,541110,Offices of Lawyers,Type PI,2026-06-26T00:00:00.000,State Bar Ethics / Client Wire Fraud / Escrow Defense
ALOMIA'S SERVICES,ILEANA ALOMIA,222 W MOUNT HOUSTON RD STE E,HOUSTON,TX,77037,541191,"Professional, Scientific, and Technical Services (Legal, Accounting, IT)",Type IS,2026-08-08T00:00:00.000,State Bar Ethics / Client Wire Fraud / Escrow Defense
AMERICA SERVICE,SANTA CACOTLA,2211 BINGLE RD UNIT A,HOUSTON,TX,77055,541199,"Professional, Scientific, and Technical Services (Legal, Accounting, IT)",Type IS,2023-11-27T00:00:00.000,State Bar Ethics / Client Wire Fraud / Escrow Defense
AMERICAN TITLE SERVICES,JULIET D IMO,11603 BISSONNET ST,HOUSTON,TX,77099,541191,"Professional, Scientific, and Technical Services (Legal, Accounting, IT)",Type IS,2025-08-13T00:00:00.000,State Bar Ethics / Client Wire Fraud / Escrow Defense
ANA MARIA MORALES,ANA MARIA MORALES,7402 ALABONSON RD UNIT 702,HOUSTON,TX,77088,541191,"Professional, Scientific, and Technical Services (Legal, Accounting, IT)",Type IS,2023-09-27T00:00:00.000,State Bar Ethics / Client Wire Fraud / Escrow Defense
ANDARA SOLUTIONS LLC,ANDARA SOLUTIONS LLC,14405 WALTERS RD STE 934,HOUSTON,TX,77014,541120,"Professional, Scientific, and Technical Services (Legal, Accounting, IT)",Limited Liability Company (LLC),2023-10-06T00:00:00.000,State Bar Ethics / Client Wire Fraud / Escrow Defense
ANJ AUTO TITLE,NAVJOT SAHOTA AND ANOOP SAHOTA,5606 RICHMOND AVE,HOUSTON,TX,77057,541191,"Professional, Scientific, and Technical Services (Legal, Accounting, IT)",Type PI,2023-11-01T00:00:00.000,State Bar Ethics / Client Wire Fraud / Escrow Defense
ARGENCIA LIAN MULTISERVICES,LUCIA ALMIRON AND IRVING NIEVAS,6811 N ELDRIDGE PKWY,HOUSTON,TX,77041,541199,"Professional, Scientific, and Technical Services (Legal, Accounting, IT)",Type PI,2023-12-01T00:00:00.000,State Bar Ethics / Client Wire Fraud / Escrow Defense
ARNOLD & PORTER LLP,ARNOLD & PORTER KAYE SCHOLER LLP,700 LOUISIANA ST STE 1600,HOUSTON,TX,77002,541110,Offices of Lawyers,Type PB,2014-10-07T00:00:00.000,State Bar Ethics / Client Wire Fraud / Escrow Defense
ASTUTE REALTY & ACCOUNTING,ASTUTE REALTY & ACCOUNTING LLC,14418 BRYCE MEADOW LN,HOUSTON,TX,77047,541120,"Professional, Scientific, and Technical Services (Legal, Accounting, IT)",Limited Liability Company (LLC),2024-09-25T00:00:00.000,State Bar Ethics / Client Wire Fraud / Escrow Defense
AUTO TITLE & TAG SERVICES LLC,AUTO TITLE & TAG SERVICES LLC,6855 TELEPHONE RD,HOUSTON,TX,77061,541199,"Professional, Scientific, and Technical Services (Legal, Accounting, IT)",Limited Liability Company (LLC),2025-07-09T00:00:00.000,State Bar Ethics / Client Wire Fraud / Escrow Defense
AUTO TITLE LLC,"AUTO TITLE, LLC",2800 TELEPHONE RD,HOUSTON,TX,77023,541191,"Professional, Scientific, and Technical Services (Legal, Accounting, IT)",Limited Liability Company (LLC),2024-10-25T00:00:00.000,State Bar Ethics / Client Wire Fraud / Escrow Defense
BAKER & BOTTS,BAKER BOTTS LLP,3000 ONE SHELL PLAZA,HOUSTON,TX,77002,541110,Offices of Lawyers,Type PI,1982-08-06T00:00:00.000,State Bar Ethics / Client Wire Fraud / Escrow Defense
"BAKER DONELSON BEARMAN CALDWELL & BERKOWITZ, A PRO","BAKER DONELSON BEARMAN CALDWELL & BERKOWITZ, A PRO",1221 LAMAR ST STE 1300,HOUSTON,TX,77010,541110,Offices of Lawyers,Type CU,2012-01-21T00:00:00.000,State Bar Ethics / Client Wire Fraud / Escrow Defense
BAYOU CITY INVESTIGATIONS,JANATH GREENE WHITFIELD & MOLLI A STEINLE,1510 VERMONT ST,HOUSTON,TX,77006,541199,"Professional, Scientific, and Technical Services (Legal, Accounting, IT)",Type PI,2016-03-22T00:00:00.000,State Bar Ethics / Client Wire Fraud / Escrow Defense
BEYOND BORDERS MULTISERVICES,NICHOLAS COLLINS,9606 GARRETT PINE LN,HOUSTON,TX,77044,541199,"Professional, Scientific, and Technical Services (Legal, Accounting, IT)",Type IS,2024-11-13T00:00:00.000,State Bar Ethics / Client Wire Fraud / Escrow Defense
BLACKSTONE FEYA,MONICA A BARAHONA,8036 HOWARD DR,HOUSTON,TX,77017,541199,"Professional, Scientific, and Technical Services (Legal, Accounting, IT)",Type IS,2024-09-27T00:00:00.000,State Bar Ethics / Client Wire Fraud / Escrow Defense
BLANCA'S TITLE SERVICES & MORE,BLANCA C LOPEZ,10900 TELEPHONE RD,HOUSTON,TX,77075,541191,"Professional, Scientific, and Technical Services (Legal, Accounting, IT)",Type IS,2023-08-10T00:00:00.000,State Bar Ethics / Client Wire Fraud / Escrow Defense
BLESSED HANDS NOTARY & CONSULTING INC.,BLESSED HANDS NOTARY & CONSULTING INC.,7400 HARWIN DR STE 191,HOUSTON,TX,77036,541120,"Professional, Scientific, and Technical Services (Legal, Accounting, IT)",Texas Corporation,2025-01-17T00:00:00.000,State Bar Ethics / Client Wire Fraud / Escrow Defense
BLOOMIN FUENTES SERVICES,ALBA CAROLINA FUENTE,5627 SPINDLE DR,HOUSTON,TX,77086,541191,"Professional, Scientific, and Technical Services (Legal, Accounting, IT)",Type IS,2024-01-25T00:00:00.000,State Bar Ethics / Client Wire Fraud / Escrow Defense
BOSS TITLE SERVICE & AUTO,ALPHONSE DAVIS JR,6404 TIDWELL RD,HOUSTON,TX,77016,541199,"Professional, Scientific, and Technical Services (Legal, Accounting, IT)",Type IS,2024-08-21T00:00:00.000,State Bar Ethics / Client Wire Fraud / Escrow Defense
BROOKS AUTO TITLE SERVICE,TYRONE H BROOKS,8525 BISSONNET ST,HOUSTON,TX,77074,541191,"Professional, Scientific, and Technical Services (Legal, Accounting, IT)",Type IS,2024-02-14T00:00:00.000,State Bar Ethics / Client Wire Fraud / Escrow Defense
"BROWN SIMS, P.C.","BROWN SIMS, P.C.",1177 WEST LOOP S FL 10,HOUSTON,TX,77027,541110,Offices of Lawyers,Type CP,2017-02-01T00:00:00.000,State Bar Ethics / Client Wire Fraud / Escrow Defense
C&O MULTISERVICES,TAMAR CUBILLAS,5757 ADDICKS SATSUMA RD,HOUSTON,TX,77084,541199,"Professional, Scientific, and Technical Services (Legal, Accounting, IT)",Type IS,2026-04-13T00:00:00.000,State Bar Ethics / Client Wire Fraud / Escrow Defense
C.E & ASSOCIATES TITLE SERVICES,C.E & ASSOCIATES TITLE SERVICES LLC,12030 LOUETTA RD,HOUSTON,TX,77070,541199,"Professional, Scientific, and Technical Services (Legal, Accounting, IT)",Limited Liability Company (LLC),2025-05-16T00:00:00.000,State Bar Ethics / Client Wire Fraud / Escrow Defense
CARLOS TITLE SERVICE,CARLOS SUAREZ AND MARIA SUAREZ,11846 W MONTGOMERY RD,HOUSTON,TX,77086,541199,"Professional, Scientific, and Technical Services (Legal, Accounting, IT)",Type PI,2023-08-29T00:00:00.000,State Bar Ethics / Client Wire Fraud / Escrow Defense
CELYS TITLE SERVICE,AILEEN A OROZCO,5239 PETTY ST,HOUSTON,TX,77007,541191,"Professional, Scientific, and Technical Services (Legal, Accounting, IT)",Type IS,2024-11-18T00:00:00.000,State Bar Ethics / Client Wire Fraud / Escrow Defense
CHARTER TITLE COMPANY,FNF CHARTER TITLE COMPANY,1717 WEST LOOP S STE 12,HOUSTON,TX,77027,541191,"Professional, Scientific, and Technical Services (Legal, Accounting, IT)",Texas Corporation,2020-07-17T00:00:00.000,State Bar Ethics / Client Wire Fraud / Escrow Defense
CHARTER TITLE COMPANY,FNF CHARTER TITLE COMPANY,609 MAIN ST STE 4325,HOUSTON,TX,77002,541191,"Professional, Scientific, and Technical Services (Legal, Accounting, IT)",Texas Corporation,2020-07-16T00:00:00.000,State Bar Ethics / Client Wire Fraud / Escrow Defense
CHARTER TITLE COMPANY,FNF CHARTER TITLE COMPANY,110 VINTAGE PARK BLVD STE 240,HOUSTON,TX,77070,541191,"Professional, Scientific, and Technical Services (Legal, Accounting, IT)",Texas Corporation,2020-07-16T00:00:00.000,State Bar Ethics / Client Wire Fraud / Escrow Defense
CLARK HILL STRASBURGER,CLARK HILL PLC,909 FANNIN ST STE 2300,HOUSTON,TX,77010,541110,Offices of Lawyers,Corporation / Corporate Entity,2018-04-25T00:00:00.000,State Bar Ethics / Client Wire Fraud / Escrow Defense
CMO NOTARY SERVICES,CMO NOTARY SERVICES L.L.C.,239 GREENS RD,HOUSTON,TX,77060,541120,"Professional, Scientific, and Technical Services (Legal, Accounting, IT)",Limited Liability Company (LLC),2024-04-23T00:00:00.000,State Bar Ethics / Client Wire Fraud / Escrow Defense
COCO'S BOUTIQUE & GIFTS,MARIA C MIRANDA,1401 CAYWOOD LN,HOUSTON,TX,77055,541110,Offices of Lawyers,Type IS,2024-04-05T00:00:00.000,State Bar Ethics / Client Wire Fraud / Escrow Defense
COMPANIEROS TITLE SERVICES,BLANCA E LEYVA,2021 BROADWAY ST,HOUSTON,TX,77012,541120,"Professional, Scientific, and Technical Services (Legal, Accounting, IT)",Type IS,2023-08-16T00:00:00.000,State Bar Ethics / Client Wire Fraud / Escrow Defense
"CONLEY ROSE, P.C.","CONLEY ROSE, P.C.",600 TRAVIS ST STE 7100,HOUSTON,TX,77002,541110,Offices of Lawyers,Type CP,2005-10-26T00:00:00.000,State Bar Ethics / Client Wire Fraud / Escrow Defense
COURT RECORD RESEARCH INC,"COURT RECORD RESEARCH, INC.",405 MAIN ST STE 550,HOUSTON,TX,77002,541199,"Professional, Scientific, and Technical Services (Legal, Accounting, IT)",Texas Corporation,2003-12-01T00:00:00.000,State Bar Ethics / Client Wire Fraud / Escrow Defense
COURTROOM CONSULTANTS GROUP INC,"COURTROOM CONSULTANTS GROUP, INC.",1111 BAGBY ST STE 1950,HOUSTON,TX,77002,541110,Offices of Lawyers,Texas Corporation,2001-06-13T00:00:00.000,State Bar Ethics / Client Wire Fraud / Escrow Defense
COZEN O'CONNOR,COZEN  O'CONNOR,811 MAIN ST STE 2000,HOUSTON,TX,77002,541110,Offices of Lawyers,Foreign Corporation (Out-of-State),2025-10-02T00:00:00.000,State Bar Ethics / Client Wire Fraud / Escrow Defense
CROWN TITLE COMPANY OF HOUSTON LLC,"CROWN TITLE COMPANY OF HOUSTON, LLC",4700 W SAM HOUSTON PKWY N STE 100,HOUSTON,TX,77041,541191,"Professional, Scientific, and Technical Services (Legal, Accounting, IT)",Limited Liability Company (LLC),2007-07-26T00:00:00.000,State Bar Ethics / Client Wire Fraud / Escrow Defense
CURAZAO AUTO TITLE SERVICES,"DON PEDRITO INTERNATIONAL, CORP.",5900 BELLAIRE BLVD STE B,HOUSTON,TX,77081,541191,"Professional, Scientific, and Technical Services (Legal, Accounting, IT)",Texas Corporation,2024-05-03T00:00:00.000,State Bar Ethics / Client Wire Fraud / Escrow Defense
D & T TITLE AND SERVICES,DENISE TRAN AND TUAN HO,13606 BELLAIRE BLVD STE B2,HOUSTON,TX,77083,541191,"Professional, Scientific, and Technical Services (Legal, Accounting, IT)",Type PI,2025-02-08T00:00:00.000,State Bar Ethics / Client Wire Fraud / Escrow Defense
DAMAR MULTISERVICES,RAMON ESTRADA,159 ALDINE BENDER RD STE 172,HOUSTON,TX,77060,541120,"Professional, Scientific, and Technical Services (Legal, Accounting, IT)",Type IS,2023-08-18T00:00:00.000,State Bar Ethics / Client Wire Fraud / Escrow Defense
DANNY DEXTER AND ASSOCIATES,"DANNY DEXTER AND ASSOCIATES, A PROFESSIONAL LIMITE",25 VALLEY FORGE DR,HOUSTON,TX,77024,541110,Offices of Lawyers,Limited Liability Company (LLC),2006-11-30T00:00:00.000,State Bar Ethics / Client Wire Fraud / Escrow Defense
"DANZIGER & DE LLANO, LLP","DANZIGER & DE LLANO, LLP",440 LOUISIANA ST STE 1212,HOUSTON,TX,77002,541110,Offices of Lawyers,Type PB,2021-02-09T00:00:00.000,State Bar Ethics / Client Wire Fraud / Escrow Defense
DECLARATION TITLE COMPANY LLC,DECLARATION TITLE COMPANY LLC,12649 MEMORIAL DR STE F,HOUSTON,TX,77024,541191,"Professional, Scientific, and Technical Services (Legal, Accounting, IT)",Limited Liability Company (LLC),2017-11-27T00:00:00.000,State Bar Ethics / Client Wire Fraud / Escrow Defense
DECLARATION TITLE COMPANY LLC,DECLARATION TITLE COMPANY LLC,8711 HIGHWAY 6 N STE 100,HOUSTON,TX,77095,541191,"Professional, Scientific, and Technical Services (Legal, Accounting, IT)",Limited Liability Company (LLC),2017-11-27T00:00:00.000,State Bar Ethics / Client Wire Fraud / Escrow Defense
"DEHTHO LAW FIRM, PLLC","DEHTHO LAW FIRM, PLLC",1602 REINERMAN ST,HOUSTON,TX,77007,541110,Offices of Lawyers,Limited Liability Company (LLC),2025-05-30T00:00:00.000,State Bar Ethics / Client Wire Fraud / Escrow Defense
DELTA INTEL GROUP INC,DELTA INTEL GROUP INC.,8703 LINKMEADOW LN,HOUSTON,TX,77025,541199,"Professional, Scientific, and Technical Services (Legal, Accounting, IT)",Texas Corporation,2025-07-10T00:00:00.000,State Bar Ethics / Client Wire Fraud / Escrow Defense
DHE TAX SERVICES,ELENA DIAZ,1810 PARKER RD,HOUSTON,TX,77093,541191,"Professional, Scientific, and Technical Services (Legal, Accounting, IT)",Type IS,2025-10-10T00:00:00.000,State Bar Ethics / Client Wire Fraud / Escrow Defense
DIAMOND PRO SERVICES LLC,DIAMOND PRO SERVICES LLC,1501 BINGLE RD,HOUSTON,TX,77055,541199,"Professional, Scientific, and Technical Services (Legal, Accounting, IT)",Limited Liability Company (LLC),2025-05-30T00:00:00.000,State Bar Ethics / Client Wire Fraud / Escrow Defense
DOUBLE BARREL TITLE LLC,DOUBLE BARREL TITLE LLC,2525 BAY AREA BLVD,HOUSTON,TX,77058,541191,"Professional, Scientific, and Technical Services (Legal, Accounting, IT)",Corporation / Corporate Entity,2025-07-30T00:00:00.000,State Bar Ethics / Client Wire Fraud / Escrow Defense
DRIVEWISE AUTOMOTIVE,NAHUM MEHARENA YIKALO,5609 BELLAIRE BLVD STE B,HOUSTON,TX,77081,541191,"Professional, Scientific, and Technical Services (Legal, Accounting, IT)",Type IS,2024-01-11T00:00:00.000,State Bar Ethics / Client Wire Fraud / Escrow Defense
DS FINANCIAL SERVICES,DULCE C SANCHEZ,2840 BROADWAY ST STE 101,HOUSTON,TX,77017,541120,"Professional, Scientific, and Technical Services (Legal, Accounting, IT)",Type IS,2023-06-10T00:00:00.000,State Bar Ethics / Client Wire Fraud / Escrow Defense
DUANE MORRIS LLP,DUANE MORRIS LLP,3200 SOUTHWEST FWY STE 3150,HOUSTON,TX,77027,541110,Offices of Lawyers,Type PI,2003-03-03T00:00:00.000,State Bar Ethics / Client Wire Fraud / Escrow Defense
DV BOOKKEEPING & MULTI SERVICES,DEYSI VILLATORO VILLATORO,10555 LAKEBROOK DR,HOUSTON,TX,77038,541120,"Professional, Scientific, and Technical Services (Legal, Accounting, IT)",Type IS,2021-03-10T00:00:00.000,State Bar Ethics / Client Wire Fraud / Escrow Defense
DYNAMIC TAX AND MULTISERVICE LLC,DYNAMIC TAX AND MULTISERVICE LLC,5454 NEWCASTLE ST APT 1704,HOUSTON,TX,77081,541120,"Professional, Scientific, and Technical Services (Legal, Accounting, IT)",Limited Liability Company (LLC),2021-09-03T00:00:00.000,State Bar Ethics / Client Wire Fraud / Escrow Defense
E & G MULTISERVICES AND NOTARY,E&G MULTISERVICES & NOTARY LLC,1020 CYPRESS CREEK PKWY STE 17,HOUSTON,TX,77090,541120,"Professional, Scientific, and Technical Services (Legal, Accounting, IT)",Limited Liability Company (LLC),2026-04-04T00:00:00.000,State Bar Ethics / Client Wire Fraud / Escrow Defense
E-Z AUTO TITLE AND POSTAL,KANWALJIT S KANG,10226 MILLS RD,HOUSTON,TX,77070,541191,"Professional, Scientific, and Technical Services (Legal, Accounting, IT)",Type IS,2024-02-13T00:00:00.000,State Bar Ethics / Client Wire Fraud / Escrow Defense
EASYWAY MULTISERVICES LLC,EASYWAY MULTISERVICES LLC,2118 ALDINE BENDER RD STE B,HOUSTON,TX,77032,541120,"Professional, Scientific, and Technical Services (Legal, Accounting, IT)",Limited Liability Company (LLC),2026-02-27T00:00:00.000,State Bar Ethics / Client Wire Fraud / Escrow Defense
EC NOTARY SERVICES ETC.,ELIZABETH CANTU MARTINEZ,815 BOLLING LN,HOUSTON,TX,77076,541199,"Professional, Scientific, and Technical Services (Legal, Accounting, IT)",Type IS,2026-06-17T00:00:00.000,State Bar Ethics / Client Wire Fraud / Escrow Defense
ELEVATE BUSINESS SOLUTIONS,JEILIN JIMENA OSPINA,16100 CAIRNWAY DR STE 310,HOUSTON,TX,77084,541120,"Professional, Scientific, and Technical Services (Legal, Accounting, IT)",Type IS,2026-08-04T00:00:00.000,State Bar Ethics / Client Wire Fraud / Escrow Defense
EMPOWERING MULTISERVICES LLC,EMPOWERING MULTISERVICES LLC,8108 MUNN ST,HOUSTON,TX,77029,541120,"Professional, Scientific, and Technical Services (Legal, Accounting, IT)",Limited Liability Company (LLC),2025-09-27T00:00:00.000,State Bar Ethics / Client Wire Fraud / Escrow Defense
ERICKA'S MULTISERVICES LLC,ERICKA'S MULTISERVICES LLC,8100 S KIRKWOOD RD STE 100,HOUSTON,TX,77072,541120,"Professional, Scientific, and Technical Services (Legal, Accounting, IT)",Limited Liability Company (LLC),2024-07-04T00:00:00.000,State Bar Ethics / Client Wire Fraud / Escrow Defense
EVELYN'S TITLE SERVICE,EBLIN SMITH,7500 BELLERIVE DR APT 400,HOUSTON,TX,77036,541120,"Professional, Scientific, and Technical Services (Legal, Accounting, IT)",Type IS,2024-04-15T00:00:00.000,State Bar Ethics / Client Wire Fraud / Escrow Defense
EVERSHEDS SUTHERLAND (US) LLP,EVERSHEDS SUTHERLAND (US) LLP,1001 FANNIN ST,HOUSTON,TX,77002,541110,Offices of Lawyers,Type PI,2021-02-04T00:00:00.000,State Bar Ethics / Client Wire Fraud / Escrow Defense
EVOLUTION BUSINESS SOLUTIONS,IRIS YANIRA SALMERON,1601 COLLINGSWORTH ST,HOUSTON,TX,77009,541191,"Professional, Scientific, and Technical Services (Legal, Accounting, IT)",Type IS,2023-10-04T00:00:00.000,State Bar Ethics / Client Wire Fraud / Escrow Defense
EXPENSECO LLC,EXPENSECO LLC,3767 CARLON ST,HOUSTON,TX,77005,541199,"Professional, Scientific, and Technical Services (Legal, Accounting, IT)",Limited Liability Company (LLC),2025-10-16T00:00:00.000,State Bar Ethics / Client Wire Fraud / Escrow Defense
EXPRESS MULTISERVICES & TITLES LLC,EXPRESS MULTISERVICES & TITLES LLC,616 CYPRESS CREEK PKWY STE 200D,HOUSTON,TX,77090,541120,"Professional, Scientific, and Technical Services (Legal, Accounting, IT)",Limited Liability Company (LLC),2024-09-11T00:00:00.000,State Bar Ethics / Client Wire Fraud / Escrow Defense
FIABLE TITLE SERVICES,AXEL MARTINEZ,6423 RICHMOND AVE STE H,HOUSTON,TX,77057,541191,"Professional, Scientific, and Technical Services (Legal, Accounting, IT)",Type IS,2025-07-16T00:00:00.000,State Bar Ethics / Client Wire Fraud / Escrow Defense
"FIEL HOUSTON, INC.","FIEL HOUSTON, INC.",6610 HARWIN DR STE 214,HOUSTON,TX,77036,541199,"Professional, Scientific, and Technical Services (Legal, Accounting, IT)",Type CN,2022-03-01T00:00:00.000,State Bar Ethics / Client Wire Fraud / Escrow Defense
"FLASH DATA, LLC","FLASH DATA, LLC",2450 LOUISIANA ST STE 400-160,HOUSTON,TX,77006,541199,"Professional, Scientific, and Technical Services (Legal, Accounting, IT)",Limited Liability Company (LLC),2017-12-30T00:00:00.000,State Bar Ethics / Client Wire Fraud / Escrow Defense
FOLEY & LARDNER LLP,FOLEY & LARDNER LLP,1000 LOUISIANA ST STE 2000,HOUSTON,TX,77002,541110,Offices of Lawyers,Type PI,2023-01-11T00:00:00.000,State Bar Ethics / Client Wire Fraud / Escrow Defense
FOUR FIFTEEN TITLE SERVICE,LATRAVIA JACKSON,8619 COOK RD,HOUSTON,TX,77099,541191,"Professional, Scientific, and Technical Services (Legal, Accounting, IT)",Type IS,2026-09-02T00:00:00.000,State Bar Ethics / Client Wire Fraud / Escrow Defense
"FRANCISCO J. AGRAZ, A PROFESSIONAL CORPORATION","FRANCISCO J. AGRAZ, A PROFESSIONAL CORPORATION",2035 MCCLENDON ST,HOUSTON,TX,77030,541110,Offices of Lawyers,Type CP,2017-09-28T00:00:00.000,State Bar Ethics / Client Wire Fraud / Escrow Defense
FRONTIER TITLE SERVICES LLC,FRONTIER TITLE SERVICES LLC,3939 ESSEX LN STE 100,HOUSTON,TX,77027,541191,"Professional, Scientific, and Technical Services (Legal, Accounting, IT)",Limited Liability Company (LLC),2018-09-18T00:00:00.000,State Bar Ethics / Client Wire Fraud / Escrow Defense
G-FIRST MULTY SERVICE,OLIVIA ESPINOZA,13103 FERRY HILL LN,HOUSTON,TX,77015,541199,"Professional, Scientific, and Technical Services (Legal, Accounting, IT)",Type IS,2025-06-17T00:00:00.000,State Bar Ethics / Client Wire Fraud / Escrow Defense
GET IT NOW TITLE SERVICE,JULIE E OROZCO,10301 NORTHWEST FWY STE 419,HOUSTON,TX,77092,541191,"Professional, Scientific, and Technical Services (Legal, Accounting, IT)",Type IS,2024-02-23T00:00:00.000,State Bar Ethics / Client Wire Fraud / Escrow Defense
GONZALEZ TITLES,ELENA GONZALEZ MORALES,7106 MYRTLE ST,HOUSTON,TX,77087,541120,"Professional, Scientific, and Technical Services (Legal, Accounting, IT)",Type IS,2024-01-02T00:00:00.000,State Bar Ethics / Client Wire Fraud / Escrow Defense
GREENBERG TRAURIG LLP,GREENBERG TRAURIG LLP,1000 LOUISIANA ST STE 1800,HOUSTON,TX,77002,541110,Offices of Lawyers,Type PB,2006-11-20T00:00:00.000,State Bar Ethics / Client Wire Fraud / Escrow Defense
GULF COAST TITLE SERVICES,IRVIN DELGADO AND DOMINGA VARGAS,9706 BIRDS EYE MAPLE LN,HOUSTON,TX,77064,541120,"Professional, Scientific, and Technical Services (Legal, Accounting, IT)",Type PI,2026-04-16T00:00:00.000,State Bar Ethics / Client Wire Fraud / Escrow Defense
H&C TITLE SERVICE LLC,H&C TITLE SERVICE LLC,13414 GRANADA ST STE 2,HOUSTON,TX,77015,541120,"Professional, Scientific, and Technical Services (Legal, Accounting, IT)",Limited Liability Company (LLC),2025-06-03T00:00:00.000,State Bar Ethics / Client Wire Fraud / Escrow Defense
HANNA'S MULTISERVICE LLC,HANNA'S MULTISERVICE LLC,13265 FOREST ACRES DR,HOUSTON,TX,77050,541199,"Professional, Scientific, and Technical Services (Legal, Accounting, IT)",Limited Liability Company (LLC),2022-04-13T00:00:00.000,State Bar Ethics / Client Wire Fraud / Escrow Defense
HAYNES AND BOONE LLP,HAYNES AND BOONE LLP,1221 MCKINNEY ST STE 4000,HOUSTON,TX,77010,541110,Offices of Lawyers,Type PI,2005-01-07T00:00:00.000,State Bar Ethics / Client Wire Fraud / Escrow Defense
HEARD & MEDACK P C,"HEARD & MEDACK, P.C.",9494 SOUTHWEST FWY STE 700,HOUSTON,TX,77074,541110,Offices of Lawyers,Type CP,2004-01-28T00:00:00.000,State Bar Ethics / Client Wire Fraud / Escrow Defense
HERNANDEZ NOTARY & INCOME TAX SERVICE,MAYRA HERNANDEZ,5911 HEFFERNAN ST,HOUSTON,TX,77087,541199,"Professional, Scientific, and Technical Services (Legal, Accounting, IT)",Type IS,2024-03-21T00:00:00.000,State Bar Ethics / Client Wire Fraud / Escrow Defense
HICKS THOMAS LLP,HICKS THOMAS LLP,700 LOUISIANA ST STE 2000,HOUSTON,TX,77002,541110,Offices of Lawyers,Type PB,2020-10-30T00:00:00.000,State Bar Ethics / Client Wire Fraud / Escrow Defense
HNDOCU.COM LLC,HNDOCU.COM LLC,9800 CENTRE PKWY STE 560,HOUSTON,TX,77036,541120,"Professional, Scientific, and Technical Services (Legal, Accounting, IT)",Limited Liability Company (LLC),2024-10-21T00:00:00.000,State Bar Ethics / Client Wire Fraud / Escrow Defense
HOGAN LOVELLS US LLP,HOGAN LOVELLS US LLP,700 LOUISIANA ST STE 4300,HOUSTON,TX,77002,541110,Offices of Lawyers,Type PB,2010-03-11T00:00:00.000,State Bar Ethics / Client Wire Fraud / Escrow Defense
HOLLAND & KNIGHT LLP,HOLLAND & KNIGHT LLP,811 MAIN ST STE 2500,HOUSTON,TX,77002,541110,Offices of Lawyers,Type PI,2023-01-30T00:00:00.000,State Bar Ethics / Client Wire Fraud / Escrow Defense
HOLLAND & KNIGHT LLP,HOLLAND & KNIGHT LLP,1100 LOUISIANA ST STE 4300,HOUSTON,TX,77002,541110,Offices of Lawyers,Type PI,2015-09-17T00:00:00.000,State Bar Ethics / Client Wire Fraud / Escrow Defense
HOUSTON METROPOLITAN PARALEGAL ASSOCIATION,HOUSTON METROPOLITAN PARALEGAL ASSOCIATION,440 LOUISIANA ST STE 900,HOUSTON,TX,77002,541199,"Professional, Scientific, and Technical Services (Legal, Accounting, IT)",Type CN,2000-08-16T00:00:00.000,State Bar Ethics / Client Wire Fraud / Escrow Defense
HOUSTON MULTISERVICE,GRSIELDA CRUZ,13839 NIMITZ ST STE B,HOUSTON,TX,77015,541191,"Professional, Scientific, and Technical Services (Legal, Accounting, IT)",Type IS,2025-09-26T00:00:00.000,State Bar Ethics / Client Wire Fraud / Escrow Defense
HUSCH BLACKWELL LLP,HUSCH BLACKWELL LLP,600 TRAVIS ST STE 2350,HOUSTON,TX,77002,541110,Offices of Lawyers,Type PB,2020-11-12T00:00:00.000,State Bar Ethics / Client Wire Fraud / Escrow Defense
IMPERIAL TAX MULTISERVICE,MARINA LOPEZ,6126 PINEMONT DR STE B,HOUSTON,TX,77092,541191,"Professional, Scientific, and Technical Services (Legal, Accounting, IT)",Type IS,2025-04-23T00:00:00.000,State Bar Ethics / Client Wire Fraud / Escrow Defense
INDEPENDENT RESEARCH & INVESTIGATIVE SERVICES,CHRISTIAN REINHARDT WENDENBURG,1522 KENNEBECK PL,HOUSTON,TX,77077,541199,"Professional, Scientific, and Technical Services (Legal, Accounting, IT)",Type IS,2022-02-17T00:00:00.000,State Bar Ethics / Client Wire Fraud / Escrow Defense
"INFORMATION DEVELOPMENT, INC.","INFORMATION DEVELOPMENT, INC.",8746 FAIRBEND ST,HOUSTON,TX,77055,541199,"Professional, Scientific, and Technical Services (Legal, Accounting, IT)",Texas Corporation,2023-04-05T00:00:00.000,State Bar Ethics / Client Wire Fraud / Escrow Defense
INVESTIGATIVE MANAGEMENT SOLUTIONS,"INVESTIGATIVE MANAGEMENT SOLUTIONS, PROFESSIONAL L",1117 POST OAK PARK DR APT C,HOUSTON,TX,77027,541199,"Professional, Scientific, and Technical Services (Legal, Accounting, IT)",Limited Liability Company (LLC),2010-04-23T00:00:00.000,State Bar Ethics / Client Wire Fraud / Escrow Defense
IS ALL ABOUT CARS,ANA M FLORES,7807 LONG POINT RD STE 375,HOUSTON,TX,77055,541199,"Professional, Scientific, and Technical Services (Legal, Accounting, IT)",Type IS,2023-12-19T00:00:00.000,State Bar Ethics / Client Wire Fraud / Escrow Defense
IVY'S TITLE SERVICES,IVETTE BONILLA PERALES,6727 1/2 HARRISBURG BLVD,HOUSTON,TX,77011,541120,"Professional, Scientific, and Technical Services (Legal, Accounting, IT)",Type IS,2022-10-12T00:00:00.000,State Bar Ethics / Client Wire Fraud / Escrow Defense
J MIRACLE TITLES,JENNIS FERNANDEZ LINO,8917 S GESSNER RD APT 15,HOUSTON,TX,77074,541191,"Professional, Scientific, and Technical Services (Legal, Accounting, IT)",Type IS,2026-08-26T00:00:00.000,State Bar Ethics / Client Wire Fraud / Escrow Defense
JACKSON LEWIS P.C.,JACKSON LEWIS P.C.,1415 LOUISIANA ST STE 3325,HOUSTON,TX,77002,541110,Offices of Lawyers,Type CU,2014-03-04T00:00:00.000,State Bar Ethics / Client Wire Fraud / Escrow Defense
JACQUIE S MOBILE NOTARY & MORE,JACQUELINE MARISOL RIOS,10303 NORTHWEST FWY STE 523,HOUSTON,TX,77092,541120,"Professional, Scientific, and Technical Services (Legal, Accounting, IT)",Type IS,2026-08-24T00:00:00.000,State Bar Ethics / Client Wire Fraud / Escrow Defense
JB AUTO TITLE,TIANA LIZETTE WOLFE,2522 BERRY RD,HOUSTON,TX,77093,541120,"Professional, Scientific, and Technical Services (Legal, Accounting, IT)",Type IS,2025-05-28T00:00:00.000,State Bar Ethics / Client Wire Fraud / Escrow Defense
JBC MULTI-SERVICES,BRENDA E REYES-COVARRUBIAS,924 E ANDERSON RD,HOUSTON,TX,77047,541199,"Professional, Scientific, and Technical Services (Legal, Accounting, IT)",Type IS,2024-02-21T00:00:00.000,State Bar Ethics / Client Wire Fraud / Escrow Defense
JD ACTUAL AUTOMOTIVE LLC,JD ACTUAL AUTOMOTIVE LLC,3911 WALDO ST,HOUSTON,TX,77063,541191,"Professional, Scientific, and Technical Services (Legal, Accounting, IT)",Limited Liability Company (LLC),2024-05-21T00:00:00.000,State Bar Ethics / Client Wire Fraud / Escrow Defense
JESSIES NOTARY MULTISERVICES LLC,JESSIES NOTARY MULTISERVICES LLC,3718 GREENHOUSE RD STE B,HOUSTON,TX,77084,541120,"Professional, Scientific, and Technical Services (Legal, Accounting, IT)",Limited Liability Company (LLC),2025-10-15T00:00:00.000,State Bar Ethics / Client Wire Fraud / Escrow Defense
JESUS MULTISERVICIOS,GLORIA A MORALES,123 HILL RD # 1,HOUSTON,TX,77037,541199,"Professional, Scientific, and Technical Services (Legal, Accounting, IT)",Type IS,2024-04-17T00:00:00.000,State Bar Ethics / Client Wire Fraud / Escrow Defense
JIREH CAR TITLE SERVICE,ANA MARIA MORALES,6806 LONG POINT RD STE K,HOUSTON,TX,77055,541191,"Professional, Scientific, and Technical Services (Legal, Accounting, IT)",Type IS,2023-09-29T00:00:00.000,State Bar Ethics / Client Wire Fraud / Escrow Defense
JONES DAY,JONES DAY,600 TRAVIS ST STE 6500,HOUSTON,TX,77002,541110,Offices of Lawyers,Type PI,2001-02-12T00:00:00.000,State Bar Ethics / Client Wire Fraud / Escrow Defense
K'S ENTERPRISE AUTO TITLE SERVICE LLC,K'S ENTERPRISE AUTO TITLE SERVICE LLC,8052 SAINT LOUIS ST,HOUSTON,TX,77028,541199,"Professional, Scientific, and Technical Services (Legal, Accounting, IT)",Limited Liability Company (LLC),2024-04-02T00:00:00.000,State Bar Ethics / Client Wire Fraud / Escrow Defense
KARLY'S TAXES & MULTISERVICES,KARLY'S TAXES & MULTISERVICES LLC,918 ALDINE BENDER RD,HOUSTON,TX,77032,541199,"Professional, Scientific, and Technical Services (Legal, Accounting, IT)",Limited Liability Company (LLC),2026-07-10T00:00:00.000,State Bar Ethics / Client Wire Fraud / Escrow Defense
KEAN MILLER LLP,KEAN MILLER LLP,711 LOUISIANA ST STE 1900,HOUSTON,TX,77002,541110,Offices of Lawyers,Type PB,2018-01-25T00:00:00.000,State Bar Ethics / Client Wire Fraud / Escrow Defense
KING & SPALDING,KING & SPALDING LLP,1100 LOUISIANA ST STE 3300,HOUSTON,TX,77002,541110,Offices of Lawyers,Type PB,1995-09-26T00:00:00.000,State Bar Ethics / Client Wire Fraud / Escrow Defense
KIRKLAND & ELLIS LLP,KIRKLAND & ELLIS LLP,600 TRAVIS ST,HOUSTON,TX,77002,541110,Offices of Lawyers,Type PB,2014-08-22T00:00:00.000,State Bar Ethics / Client Wire Fraud / Escrow Defense
KRIS TITLE SERVICES LLC,KRIS TITLE SERVICES LLC,702 TELEPHONE RD,HOUSTON,TX,77023,541199,"Professional, Scientific, and Technical Services (Legal, Accounting, IT)",Limited Liability Company (LLC),2023-11-30T00:00:00.000,State Bar Ethics / Client Wire Fraud / Escrow Defense
L & P MULTISERVICES,LINDA ROSAS,9299 S GESSNER RD STE B,HOUSTON,TX,77074,541120,"Professional, Scientific, and Technical Services (Legal, Accounting, IT)",Type IS,2025-01-24T00:00:00.000,State Bar Ethics / Client Wire Fraud / Escrow Defense
LA FAMILIA TITLE SERVICE,ANTONIO CAMPOS JR,1842 FEDERAL RD,HOUSTON,TX,77015,541120,"Professional, Scientific, and Technical Services (Legal, Accounting, IT)",Type IS,2024-01-04T00:00:00.000,State Bar Ethics / Client Wire Fraud / Escrow Defense
LA PLACITA MULTISERVICES,REYNALDO ANTONIO GARCIA SR,14829 BELLAIRE BLVD STE 1A,HOUSTON,TX,77083,541120,"Professional, Scientific, and Technical Services (Legal, Accounting, IT)",Type IS,2016-07-18T00:00:00.000,State Bar Ethics / Client Wire Fraud / Escrow Defense
"LANDTITLE TEXAS, L.L.C.","LANDTITLE TEXAS, L.L.C.",340 N SAM HOUSTON PKWY E STE 268,HOUSTON,TX,77060,541191,"Professional, Scientific, and Technical Services (Legal, Accounting, IT)",Limited Liability Company (LLC),2015-06-26T00:00:00.000,State Bar Ethics / Client Wire Fraud / Escrow Defense
LARA INCOME TAX,JUANITA CATALINA TREVINO,8234 HOWARD DR,HOUSTON,TX,77017,541120,"Professional, Scientific, and Technical Services (Legal, Accounting, IT)",Type IS,2025-05-22T00:00:00.000,State Bar Ethics / Client Wire Fraud / Escrow Defense
LATHAM & WATKINS LLP,LATHAM & WATKINS LLP,811 MAIN ST STE 3700,HOUSTON,TX,77002,541110,Offices of Lawyers,Type PF,2025-03-10T00:00:00.000,State Bar Ethics / Client Wire Fraud / Escrow Defense
LATIN AMERICAN INSURANCE,LILIA E AGUDO,13617 VETERANS MEMORIAL DR,HOUSTON,TX,77014,541199,"Professional, Scientific, and Technical Services (Legal, Accounting, IT)",Type IS,2024-01-16T00:00:00.000,State Bar Ethics / Client Wire Fraud / Escrow Defense
LATINO XPRESS MULTISERVICES LLC,LATINO XPRESS MULTISERVICES LLC,14415 STATE HIGHWAY 249 STE A,HOUSTON,TX,77086,541199,"Professional, Scientific, and Technical Services (Legal, Accounting, IT)",Limited Liability Company (LLC),2024-09-18T00:00:00.000,State Bar Ethics / Client Wire Fraud / Escrow Defense
LAW OFFICE OF MARK ASH,"LAW OFFICE OF MARK ASH & ASSOCIATES, P.C.",2016 MAIN ST STE 108,HOUSTON,TX,77002,541110,Offices of Lawyers,Type CP,2016-07-18T00:00:00.000,State Bar Ethics / Client Wire Fraud / Escrow Defense
LAZOS SERVI MAX LLC,LAZOS SERVI MAX LLC,3504 CAMPBELL RD,HOUSTON,TX,77080,541199,"Professional, Scientific, and Technical Services (Legal, Accounting, IT)",Limited Liability Company (LLC),2025-06-10T00:00:00.000,State Bar Ethics / Client Wire Fraud / Escrow Defense
LEE SERVICE'S,YESSICA GUADALUPE PATINO,414 HUNT ST,HOUSTON,TX,77003,541199,"Professional, Scientific, and Technical Services (Legal, Accounting, IT)",Type IS,2024-05-29T00:00:00.000,State Bar Ethics / Client Wire Fraud / Escrow Defense
"LEGALLY, LLC","LEGALLY, LLC",2001 S VOSS RD APT 544,HOUSTON,TX,77057,541199,"Professional, Scientific, and Technical Services (Legal, Accounting, IT)",Limited Liability Company (LLC),2025-10-23T00:00:00.000,State Bar Ethics / Client Wire Fraud / Escrow Defense
LIQUID CLEANING PROCESSES INC,LIQUID CLEANING PROCESSES INC.,1431 WIRT RD UNIT 150,HOUSTON,TX,77055,541199,"Professional, Scientific, and Technical Services (Legal, Accounting, IT)",Texas Corporation,2015-07-01T00:00:00.000,State Bar Ethics / Client Wire Fraud / Escrow Defense
LOMELI TITLE SERVICES,LOMELI TITLE SERVICES LLC,220 MCCARTY ST,HOUSTON,TX,77029,541120,"Professional, Scientific, and Technical Services (Legal, Accounting, IT)",Limited Liability Company (LLC),2019-08-23T00:00:00.000,State Bar Ethics / Client Wire Fraud / Escrow Defense
LOPEZ INCOME TAX NOTARY PUBLIC,MARTHA PRISCILLA LOPEZ,11709 ALDINE WESTFIELD RD,HOUSTON,TX,77093,541120,"Professional, Scientific, and Technical Services (Legal, Accounting, IT)",Type IS,2024-05-07T00:00:00.000,State Bar Ethics / Client Wire Fraud / Escrow Defense
M & M JIREH SOLUTIONS LLC,M & M JIREH SOLUTIONS LLC,8191 SOUTHWEST FWY STE 202,HOUSTON,TX,77074,541199,"Professional, Scientific, and Technical Services (Legal, Accounting, IT)",Limited Liability Company (LLC),2025-05-21T00:00:00.000,State Bar Ethics / Client Wire Fraud / Escrow Defense
MAGNETIC NOTARY,MAGNETIC NOTARY L.L.C.,1880 S DAIRY ASHFORD RD STE 207 PMB 372,HOUSTON,TX,77077,541120,"Professional, Scientific, and Technical Services (Legal, Accounting, IT)",Limited Liability Company (LLC),2024-02-09T00:00:00.000,State Bar Ethics / Client Wire Fraud / Escrow Defense
MAGNOLIA TITLE SERVICE,JUAN P GARZA,7210 LAWNDALE ST STE D,HOUSTON,TX,77012,541199,"Professional, Scientific, and Technical Services (Legal, Accounting, IT)",Type IS,2023-12-14T00:00:00.000,State Bar Ethics / Client Wire Fraud / Escrow Defense
MARIBELLA'S MOBILE NOTARY AND TITLE SERVICE,MARIBEL LOPEZ,9235 N HOUSTON ROSSLYN RD,HOUSTON,TX,77088,541120,"Professional, Scientific, and Technical Services (Legal, Accounting, IT)",Type IS,2023-10-10T00:00:00.000,State Bar Ethics / Client Wire Fraud / Escrow Defense
MCGUIREWOODS LLP,MCGUIREWOODS LLP,600 TRAVIS ST STE 7500,HOUSTON,TX,77002,541110,Offices of Lawyers,Type PB,2011-02-15T00:00:00.000,State Bar Ethics / Client Wire Fraud / Escrow Defense
MEDRECON,"MEDRECON, LLC",10550 RICHMOND AVE STE 310,HOUSTON,TX,77042,541110,Offices of Lawyers,Limited Liability Company (LLC),2016-08-09T00:00:00.000,State Bar Ethics / Client Wire Fraud / Escrow Defense
MEHDIPOUR & MEHDIPOUR,"MEHDIPOUR & MEHDIPOUR, PLLC",770 S POST OAK LN,HOUSTON,TX,77056,541110,Offices of Lawyers,Limited Liability Company (LLC),2025-03-24T00:00:00.000,State Bar Ethics / Client Wire Fraud / Escrow Defense
MELY'S BOUTIQUE,GAUDDY JULISSA MORALES,8813 AIRLINE DR,HOUSTON,TX,77037,541199,"Professional, Scientific, and Technical Services (Legal, Accounting, IT)",Type IS,2023-10-26T00:00:00.000,State Bar Ethics / Client Wire Fraud / Escrow Defense
MELY'S MULTISERVICES,GAUDDY JULISSA MORALES,8815 AIRLINE DR STE F-72,HOUSTON,TX,77037,541199,"Professional, Scientific, and Technical Services (Legal, Accounting, IT)",Type IS,2024-03-28T00:00:00.000,State Bar Ethics / Client Wire Fraud / Escrow Defense
MENDOZA'S TITLE SERVICES LLC.,MENDOZA'S TITLE SERVICES LLC.,6362 WINDSWEPT LN,HOUSTON,TX,77057,541191,"Professional, Scientific, and Technical Services (Legal, Accounting, IT)",Limited Liability Company (LLC),2025-04-04T00:00:00.000,State Bar Ethics / Client Wire Fraud / Escrow Defense
MERINO'S NOTARY,HOMERO MERINO,8446 FONDREN RD,HOUSTON,TX,77074,541120,"Professional, Scientific, and Technical Services (Legal, Accounting, IT)",Type IS,2025-08-05T00:00:00.000,State Bar Ethics / Client Wire Fraud / Escrow Defense
MEXIS TAX SERVICES INSURANCE,LIZETH GERALDINA NASSAR,126 E PARKER RD,HOUSTON,TX,77076,541199,"Professional, Scientific, and Technical Services (Legal, Accounting, IT)",Type IS,2023-12-06T00:00:00.000,State Bar Ethics / Client Wire Fraud / Escrow Defense
MI GENTE MULTISERVICES,ERIKA JOHAYRA ORELLANA,2021 ALDINE MAIL ROUTE RD STE 501,HOUSTON,TX,77039,541191,"Professional, Scientific, and Technical Services (Legal, Accounting, IT)",Type IS,2024-04-16T00:00:00.000,State Bar Ethics / Client Wire Fraud / Escrow Defense
"MIKE SCHULLER & ASSOCIATES, INC.","MIKE SCHULLER & ASSOCIATES, INC.",14300 NORTHWEST FWY STE B6,HOUSTON,TX,77040,541110,Offices of Lawyers,Texas Corporation,2018-12-14T00:00:00.000,State Bar Ethics / Client Wire Fraud / Escrow Defense
MKO SIGNINGS LLC,MKO SIGNINGS LLC,8500 COOK RD STE A,HOUSTON,TX,77072,541120,"Professional, Scientific, and Technical Services (Legal, Accounting, IT)",Limited Liability Company (LLC),2025-06-11T00:00:00.000,State Bar Ethics / Client Wire Fraud / Escrow Defense
MORGAN LEWIS & BOCKIUS LLP,MORGAN LEWIS & BOCKIUS LLP,1000 LOUISIANA ST STE 1300,HOUSTON,TX,77002,541110,Offices of Lawyers,Type PI,2007-03-30T00:00:00.000,State Bar Ethics / Client Wire Fraud / Escrow Defense
MOSTYN LAW FIRM P.C.,MOSTYN LAW FIRM P.C.,3810 W ALABAMA ST,HOUSTON,TX,77027,541110,Offices of Lawyers,Type CP,2016-03-23T00:00:00.000,State Bar Ethics / Client Wire Fraud / Escrow Defense
MOUND COTTON WOLLAN & GREENGRASS LLP,MOUND COTTON WOLLAN & GREENGRASS LLP,3 GREENWAY PLZ STE 1300,HOUSTON,TX,77046,541110,Offices of Lawyers,Type PF,2026-04-03T00:00:00.000,State Bar Ethics / Client Wire Fraud / Escrow Defense
MRCRUZ NOTARY & MULTI SERVICE,MIRNA CRUZ,4201 CYPRESS CREEK PKWY STE 508,HOUSTON,TX,77068,541120,"Professional, Scientific, and Technical Services (Legal, Accounting, IT)",Type IS,2025-10-16T00:00:00.000,State Bar Ethics / Client Wire Fraud / Escrow Defense
MRV PERMIT SVCS,MAYLOA VIDAL,5950 LANGHAM CREEK ESTATES DR,HOUSTON,TX,77084,541199,"Professional, Scientific, and Technical Services (Legal, Accounting, IT)",Type IS,2023-10-11T00:00:00.000,State Bar Ethics / Client Wire Fraud / Escrow Defense
"MT NOTARY & MULTISERVICES, LLC","MT NOTARY & MULTISERVICES, LLC",12360 RICHMOND AVE APT 1828,HOUSTON,TX,77082,541199,"Professional, Scientific, and Technical Services (Legal, Accounting, IT)",Limited Liability Company (LLC),2025-01-03T00:00:00.000,State Bar Ethics / Client Wire Fraud / Escrow Defense
MULTISERVICE EXPRESS ARTDALE,EVA QUINONES AQUINO,4011 ARTDALE ST,HOUSTON,TX,77063,541191,"Professional, Scientific, and Technical Services (Legal, Accounting, IT)",Type IS,2026-06-16T00:00:00.000,State Bar Ethics / Client Wire Fraud / Escrow Defense
MULTISERVICE LA JOYA,MAYRA ESMERALDA RODRIGUEZ,826 SUNNYSIDE ST,HOUSTON,TX,77076,541199,"Professional, Scientific, and Technical Services (Legal, Accounting, IT)",Type IS,2023-08-15T00:00:00.000,State Bar Ethics / Client Wire Fraud / Escrow Defense
MULTISERVICES MIRIAM,MIRIAM QUIROZ TELLO,5710 CHIPPEWA BLVD STE B,HOUSTON,TX,77086,541191,"Professional, Scientific, and Technical Services (Legal, Accounting, IT)",Type IS,2025-11-18T00:00:00.000,State Bar Ethics / Client Wire Fraud / Escrow Defense
"MUNSCH NARDT KOPF & HARR, P.C.","MUNSCH HARDT KOPF & HARR, P.C.",700 MILAM ST STE 2700,HOUSTON,TX,77002,541110,Offices of Lawyers,Type CP,2018-07-10T00:00:00.000,State Bar Ethics / Client Wire Fraud / Escrow Defense
NAHUATL ESTATES LLC,PROSPERITY BUSINESS SOLUTIONS LLC,11406 TRIOLA LN,HOUSTON,TX,77072,541120,"Professional, Scientific, and Technical Services (Legal, Accounting, IT)",Limited Liability Company (LLC),2024-09-24T00:00:00.000,State Bar Ethics / Client Wire Fraud / Escrow Defense
NAVA TITLE TRANSFER & MULTISERVICES,REGINA NAVALON,11034 AIRLINE DR,HOUSTON,TX,77037,541120,"Professional, Scientific, and Technical Services (Legal, Accounting, IT)",Type IS,2023-12-21T00:00:00.000,State Bar Ethics / Client Wire Fraud / Escrow Defense
NDEX TITLE SERVICES LLC,"BDF TITLE SERVICES, LLC",1900 SAINT JAMES PL STE 600,HOUSTON,TX,77056,541191,"Professional, Scientific, and Technical Services (Legal, Accounting, IT)",Limited Liability Company (LLC),2008-03-11T00:00:00.000,State Bar Ethics / Client Wire Fraud / Escrow Defense
NERI TITLE SERVICES,BLANCA NERI,631 E TWICKENHAM TRL,HOUSTON,TX,77076,541199,"Professional, Scientific, and Technical Services (Legal, Accounting, IT)",Type IS,2022-03-16T00:00:00.000,State Bar Ethics / Client Wire Fraud / Escrow Defense
"O'HARA LAW FIRM, P.C.","O'HARA LAW FIRM, P.C.",14550 TORREY CHASE BLVD STE 260,HOUSTON,TX,77014,541110,Offices of Lawyers,Type CP,2022-09-27T00:00:00.000,State Bar Ethics / Client Wire Fraud / Escrow Defense
O'MELVENY & MYERS LLP,O'MELVENY & MYERS LLP,700 LOUISIANA ST,HOUSTON,TX,77002,541110,Offices of Lawyers,Type PF,2022-12-03T00:00:00.000,State Bar Ethics / Client Wire Fraud / Escrow Defense
OCEAN TITLE SERVICES LLC,OCEAN TITLE SERVICES LLC,7417 HILLCROFT ST STE 2C,HOUSTON,TX,77081,541191,"Professional, Scientific, and Technical Services (Legal, Accounting, IT)",Limited Liability Company (LLC),2025-02-11T00:00:00.000,State Bar Ethics / Client Wire Fraud / Escrow Defense
OCEAN TITLE SERVICES LLC,OCEAN TITLE SERVICES LLC,6206 EVERGREEN ST,HOUSTON,TX,77081,541191,"Professional, Scientific, and Technical Services (Legal, Accounting, IT)",Limited Liability Company (LLC),2026-01-22T00:00:00.000,State Bar Ethics / Client Wire Fraud / Escrow Defense
"OGLETREE, DEAKINS, NASH, SMOAK & STEWART, PC","OGLETREE, DEAKINS, NASH, SMOAK & STEWART, PC",500 DALLAS ST STE 3000,HOUSTON,TX,77002,541110,Offices of Lawyers,Foreign Corporation (Out-of-State),2002-01-24T00:00:00.000,State Bar Ethics / Client Wire Fraud / Escrow Defense
"OLSON & OLSON, L.L.P.","OLSON & OLSON, L.L.P.",2727 ALLEN PKWY STE 600,HOUSTON,TX,77019,541110,Offices of Lawyers,Type PI,2021-09-09T00:00:00.000,State Bar Ethics / Client Wire Fraud / Escrow Defense
ON TIME MULTISERVICES,LUIS BERRIOS AND CLAUDIA TORRES,6601 HILLCROFT ST STE 122,HOUSTON,TX,77081,541120,"Professional, Scientific, and Technical Services (Legal, Accounting, IT)",Type PI,2024-12-17T00:00:00.000,State Bar Ethics / Client Wire Fraud / Escrow Defense
"ORRICK, HERRINGTON & SUTCLIFFE LLP","ORRICK, HERRINGTON & SUTCLIFFE LLP",1301 MCKINNEY ST,HOUSTON,TX,77010,541110,Offices of Lawyers,Type PI,2016-03-15T00:00:00.000,State Bar Ethics / Client Wire Fraud / Escrow Defense
ORTIZ PREMIER TITLE SERVICE,SELENA ORTIZ CASH,3906 WALDO ST STE 2A,HOUSTON,TX,77063,541120,"Professional, Scientific, and Technical Services (Legal, Accounting, IT)",Type IS,2024-01-13T00:00:00.000,State Bar Ethics / Client Wire Fraud / Escrow Defense
OSHA BERGMAN WATANABE & BURTON LLP,OSHA BERGMAN WATANABE & BURTON LLP,909 FANNIN ST STE 3500,HOUSTON,TX,77010,541110,Offices of Lawyers,Type PI,2022-02-07T00:00:00.000,State Bar Ethics / Client Wire Fraud / Escrow Defense
OUR LEGACY TITLE SERVICES & MORE,JENNIFER L WILLIAMS,5750 N SAM HOUSTON PKWY E STE 1007B,HOUSTON,TX,77032,541120,"Professional, Scientific, and Technical Services (Legal, Accounting, IT)",Type IS,2025-04-16T00:00:00.000,State Bar Ethics / Client Wire Fraud / Escrow Defense
PACIFIC MULTISERVICES PLUS,VU DUY TRAN,11360 BELLAIRE BLVD STE 820,HOUSTON,TX,77072,541120,"Professional, Scientific, and Technical Services (Legal, Accounting, IT)",Type IS,2025-10-23T00:00:00.000,State Bar Ethics / Client Wire Fraud / Escrow Defense
PANASERVICES,IRMA H HERNANDEZ,9779 LONG POINT RD,HOUSTON,TX,77055,541120,"Professional, Scientific, and Technical Services (Legal, Accounting, IT)",Type IS,2024-01-31T00:00:00.000,State Bar Ethics / Client Wire Fraud / Escrow Defense
PARADIGM E.S.  LLC,PARADIGM EDISCOVERY SOLUTIONS LLC,3605 KATY FWY STE 200,HOUSTON,TX,77007,541199,"Professional, Scientific, and Technical Services (Legal, Accounting, IT)",Limited Liability Company (LLC),2018-11-28T00:00:00.000,State Bar Ethics / Client Wire Fraud / Escrow Defense
PARSONS MCENTIRE MCCLEARY PLLC,PARSONS MCENTIRE MCCLEARY PLLC,1 RIVERWAY,HOUSTON,TX,77056,541110,Offices of Lawyers,Limited Liability Company (LLC),2018-07-05T00:00:00.000,State Bar Ethics / Client Wire Fraud / Escrow Defense
PATHLIGHT LEGAL,TIFFANY SAMS,114 HEIGHTS BLVD UNIT I,HOUSTON,TX,77007,541110,Offices of Lawyers,Type IS,2026-01-23T00:00:00.000,State Bar Ethics / Client Wire Fraud / Escrow Defense
PATTEN TITLE COMPANY,"PATTEN TITLE HOLDINGS #1, LLC",4265 SAN FELIPE ST STE 400,HOUSTON,TX,77027,541191,"Professional, Scientific, and Technical Services (Legal, Accounting, IT)",Limited Liability Company (LLC),2022-08-26T00:00:00.000,State Bar Ethics / Client Wire Fraud / Escrow Defense
PEREA'S MULTISERVICES,ESTANISLAO PEREA,2509 FM 1960 RD STE C,HOUSTON,TX,77073,541199,"Professional, Scientific, and Technical Services (Legal, Accounting, IT)",Type IS,2024-01-06T00:00:00.000,State Bar Ethics / Client Wire Fraud / Escrow Defense
PHELPS DUNBAR LLP,"PHELPS DUNBAR, L.L.P.",700 LOUISIANA ST STE 2600,HOUSTON,TX,77002,541110,Offices of Lawyers,Type PB,2010-06-10T00:00:00.000,State Bar Ethics / Client Wire Fraud / Escrow Defense
PILLSBURY WINTHROP SHAW PITTMAN LLP,PILLSBURY WINTHROP SHAW PITTMAN LLP,609 MAIN ST FL 20,HOUSTON,TX,77002,541110,Offices of Lawyers,Type PI,2014-02-19T00:00:00.000,State Bar Ethics / Client Wire Fraud / Escrow Defense
PINZON PUBLIC NOTARY SERVICES,MARIA DE LOS ANGELES PINZON,835 CLOVERLEAF ST,HOUSTON,TX,77015,541120,"Professional, Scientific, and Technical Services (Legal, Accounting, IT)",Type IS,2022-11-29T00:00:00.000,State Bar Ethics / Client Wire Fraud / Escrow Defense
PIPKINS INVESTIGATIONS,MLS PARENT HOLDINGS LLC,9800 NORTHWEST FWY STE 306,HOUSTON,TX,77092,541199,"Professional, Scientific, and Technical Services (Legal, Accounting, IT)",Corporation / Corporate Entity,2025-10-21T00:00:00.000,State Bar Ethics / Client Wire Fraud / Escrow Defense
PLATINUM FINANCIAL ENTERPRISE,LUCERO CARBAJAL BENITEZ,11121 BAUMAN RD,HOUSTON,TX,77076,541191,"Professional, Scientific, and Technical Services (Legal, Accounting, IT)",Type IS,2025-07-09T00:00:00.000,State Bar Ethics / Client Wire Fraud / Escrow Defense
PORTER & HEDGES L L P,PORTER HEDGES LLP,1000 MAIN ST FL 36,HOUSTON,TX,77002,541110,Offices of Lawyers,Type PI,2005-07-21T00:00:00.000,State Bar Ethics / Client Wire Fraud / Escrow Defense
PRIME FAST AUTO TITLE SERVICE,ANA FUENTES,3366 FRICK RD,HOUSTON,TX,77086,541191,"Professional, Scientific, and Technical Services (Legal, Accounting, IT)",Type IS,2024-01-27T00:00:00.000,State Bar Ethics / Client Wire Fraud / Escrow Defense
PRONTO AUTO TITLE PLUS,KARA NICHOLE HICKEY,8602 ALCOTT DR # SR,HOUSTON,TX,77080,541191,"Professional, Scientific, and Technical Services (Legal, Accounting, IT)",Type IS,2025-08-13T00:00:00.000,State Bar Ethics / Client Wire Fraud / Escrow Defense
QUICK AUTO INSURANCE,YOLANDA DIAZ,3708 S GESSNER RD,HOUSTON,TX,77063,541120,"Professional, Scientific, and Technical Services (Legal, Accounting, IT)",Type IS,2024-08-09T00:00:00.000,State Bar Ethics / Client Wire Fraud / Escrow Defense
QUICK TITLE SERVICE,313 QUICK TITLE SERVICES LLC,6885 S GESSNER RD,HOUSTON,TX,77036,541120,"Professional, Scientific, and Technical Services (Legal, Accounting, IT)",Limited Liability Company (LLC),2026-01-20T00:00:00.000,State Bar Ethics / Client Wire Fraud / Escrow Defense
QUICK TITLES & MULTISERVICE,NORMA VIZCARRA,14522 PIPING ROCK LN,HOUSTON,TX,77077,541191,"Professional, Scientific, and Technical Services (Legal, Accounting, IT)",Type IS,2023-07-03T00:00:00.000,State Bar Ethics / Client Wire Fraud / Escrow Defense
"QUINN EMANUEL URQUHART & SULLIVAN, LLP","QUINN EMANUEL URQUHART & SULLIVAN, LLP",711 LOUISIANA ST,HOUSTON,TX,77002,541110,Offices of Lawyers,Type PI,2018-02-02T00:00:00.000,State Bar Ethics / Client Wire Fraud / Escrow Defense
REED SMITH LLP,REED SMITH LLP,811 MAIN ST,HOUSTON,TX,77002,541110,Offices of Lawyers,Type PF,2014-05-29T00:00:00.000,State Bar Ethics / Client Wire Fraud / Escrow Defense
RELIABLE PARALEGALS,OLGA LIDIA GRIMALDO CAMPOS,13207 AVONSHIRE DR,HOUSTON,TX,77083,541199,"Professional, Scientific, and Technical Services (Legal, Accounting, IT)",Type IS,2026-06-23T00:00:00.000,State Bar Ethics / Client Wire Fraud / Escrow Defense
RHINO TITLE SERVICES LIMITED LIABILITY COMPANY,RHINO AK GROUP LLC,124 WINKLER DR,HOUSTON,TX,77087,541199,"Professional, Scientific, and Technical Services (Legal, Accounting, IT)",Limited Liability Company (LLC),2024-04-03T00:00:00.000,State Bar Ethics / Client Wire Fraud / Escrow Defense
RIVERWAY TITLE GROUP,"RIVERWAY TITLE GROUP, LLC",5 RIVERWAY STE 300,HOUSTON,TX,77056,541191,"Professional, Scientific, and Technical Services (Legal, Accounting, IT)",Corporation / Corporate Entity,2016-06-07T00:00:00.000,State Bar Ethics / Client Wire Fraud / Escrow Defense
RJK MULTISERVICE,ROCIO MENDEZ,4902 HOLLYBROOK LN,HOUSTON,TX,77039,541120,"Professional, Scientific, and Technical Services (Legal, Accounting, IT)",Type IS,2025-04-24T00:00:00.000,State Bar Ethics / Client Wire Fraud / Escrow Defense
ROBERTS MARKEL WEINBERG BUTLER HAILEY PC,ROBERTS MARKEL WEINBERG BUTLER HAILEY PC,2800 POST OAK BLVD,HOUSTON,TX,77056,541110,Offices of Lawyers,Type CP,2023-07-31T00:00:00.000,State Bar Ethics / Client Wire Fraud / Escrow Defense
ROSE INSURANCE & SERVICES,"VISIONISTA MULTISERVICES, LLC",205 WALTON ST,HOUSTON,TX,77009,541120,"Professional, Scientific, and Technical Services (Legal, Accounting, IT)",Limited Liability Company (LLC),2025-06-11T00:00:00.000,State Bar Ethics / Client Wire Fraud / Escrow Defense
S&A PRO SERVICES LLC,S&A PRO SERVICES LLC,6159 BELMARK ST,HOUSTON,TX,77033,541120,"Professional, Scientific, and Technical Services (Legal, Accounting, IT)",Limited Liability Company (LLC),2024-10-16T00:00:00.000,State Bar Ethics / Client Wire Fraud / Escrow Defense
"SAGE TITLE COMPANY, LLC","SAGE TITLE COMPANY, LLC",3000 WESLAYAN ST STE 305,HOUSTON,TX,77027,541191,"Professional, Scientific, and Technical Services (Legal, Accounting, IT)",Limited Liability Company (LLC),2021-03-26T00:00:00.000,State Bar Ethics / Client Wire Fraud / Escrow Defense
SALAS MULTI-SERVICES,LEIPSY KARINA SALAS DOMENECH,2030 GESSNER RD STE C,HOUSTON,TX,77080,541199,"Professional, Scientific, and Technical Services (Legal, Accounting, IT)",Type IS,2026-08-28T00:00:00.000,State Bar Ethics / Client Wire Fraud / Escrow Defense
SANDRA M MILLA ZEPEDA,SANDRA M MILLA ZEPEDA,11820 EASTEX FWY,HOUSTON,TX,77039,541110,Offices of Lawyers,Type IS,2026-05-12T00:00:00.000,State Bar Ethics / Client Wire Fraud / Escrow Defense
SC TRIAL TACTICS LLC,SC TRIAL TACTICS LLC,1400 MCKINNEY ST UNIT 3603,HOUSTON,TX,77010,541199,"Professional, Scientific, and Technical Services (Legal, Accounting, IT)",Limited Liability Company (LLC),2023-07-11T00:00:00.000,State Bar Ethics / Client Wire Fraud / Escrow Defense
SCS MULTI-SERVICES,JOLMA SOTO,3230 W FUQUA ST,HOUSTON,TX,77045,541120,"Professional, Scientific, and Technical Services (Legal, Accounting, IT)",Type IS,2021-12-04T00:00:00.000,State Bar Ethics / Client Wire Fraud / Escrow Defense
SECURED LAND TRANSFERS LLC,SECURED LAND TRANSFERS LLC,515 POST OAK BLVD,HOUSTON,TX,77027,541191,"Professional, Scientific, and Technical Services (Legal, Accounting, IT)",Corporation / Corporate Entity,2026-02-09T00:00:00.000,State Bar Ethics / Client Wire Fraud / Escrow Defense
SECURED LAND TRANSFERS LLC,SECURED LAND TRANSFERS LLC,2233 YALE ST,HOUSTON,TX,77008,541191,"Professional, Scientific, and Technical Services (Legal, Accounting, IT)",Corporation / Corporate Entity,2026-02-09T00:00:00.000,State Bar Ethics / Client Wire Fraud / Escrow Defense
SECURED LAND TRANSFERS LLC,SECURED LAND TRANSFERS LLC,2525 BAY AREA BLVD,HOUSTON,TX,77058,541191,"Professional, Scientific, and Technical Services (Legal, Accounting, IT)",Corporation / Corporate Entity,2026-02-09T00:00:00.000,State Bar Ethics / Client Wire Fraud / Escrow Defense
SECURED LAND TRANSFERS LLC,SECURED LAND TRANSFERS LLC,2603 AUGUSTA DR,HOUSTON,TX,77057,541191,"Professional, Scientific, and Technical Services (Legal, Accounting, IT)",Corporation / Corporate Entity,2026-02-09T00:00:00.000,State Bar Ethics / Client Wire Fraud / Escrow Defense
SECURED LAND TRANSFERS LLC,SECURED LAND TRANSFERS LLC,10333 HARWIN DR,HOUSTON,TX,77036,541191,"Professional, Scientific, and Technical Services (Legal, Accounting, IT)",Corporation / Corporate Entity,2026-02-09T00:00:00.000,State Bar Ethics / Client Wire Fraud / Escrow Defense
SECURED LAND TRANSFERS LLC,SECURED LAND TRANSFERS LLC,750 TOWN AND COUNTRY BLVD STE 720,HOUSTON,TX,77024,541191,"Professional, Scientific, and Technical Services (Legal, Accounting, IT)",Corporation / Corporate Entity,2026-02-09T00:00:00.000,State Bar Ethics / Client Wire Fraud / Escrow Defense
SECURED LAND TRANSFERS LLC,SECURED LAND TRANSFERS LLC,18050 SATURN LN,HOUSTON,TX,77058,541191,"Professional, Scientific, and Technical Services (Legal, Accounting, IT)",Corporation / Corporate Entity,2026-02-09T00:00:00.000,State Bar Ethics / Client Wire Fraud / Escrow Defense
SEYFARTH SHAW LLP,SEYFARTH SHAW LLP,700 MILAM ST STE 1400,HOUSTON,TX,77002,541110,Offices of Lawyers,Type PI,2017-07-22T00:00:00.000,State Bar Ethics / Client Wire Fraud / Escrow Defense
"SHEPPARD, MULLIN, RICHTER & HAMPTON LLP","SHEPPARD, MULLIN, RICHTER & HAMPTON LLP",700 LOUISIANA ST STE 2750,HOUSTON,TX,77002,541110,Offices of Lawyers,Type PB,2022-08-18T00:00:00.000,State Bar Ethics / Client Wire Fraud / Escrow Defense
SHOOK HARDY & BACON L L P,SHOOK HARDY & BACON L L P,600 TRAVIS ST STE 1600,HOUSTON,TX,77002,541110,Offices of Lawyers,Type PI,2003-09-16T00:00:00.000,State Bar Ethics / Client Wire Fraud / Escrow Defense
SIDLEY AUSTIN (TX) LLP,SIDLEY AUSTIN (TX) LLP,600 TRAVIS ST STE 3100,HOUSTON,TX,77002,541110,Offices of Lawyers,Type PB,2012-04-18T00:00:00.000,State Bar Ethics / Client Wire Fraud / Escrow Defense
SIM MULTI SERVICES,SARA MORENO-ESCAMILLA,13303 CHAMPION FOREST DR STE 4,HOUSTON,TX,77069,541191,"Professional, Scientific, and Technical Services (Legal, Accounting, IT)",Type IS,2023-06-09T00:00:00.000,State Bar Ethics / Client Wire Fraud / Escrow Defense
SIMPSON THACHER & BARTLETT LLP,SIMPSON THACHER & BARTLETT LLP,900 FANNIN ST STE 1475,HOUSTON,TX,77002,541110,Offices of Lawyers,Type PI,2011-08-31T00:00:00.000,State Bar Ethics / Client Wire Fraud / Escrow Defense
SKYLIS INVESTMENTS LLC,SKYLIS INVESTMENTS LLC,4515 HIGHWAY 6 N,HOUSTON,TX,77084,541199,"Professional, Scientific, and Technical Services (Legal, Accounting, IT)",Limited Liability Company (LLC),2024-07-11T00:00:00.000,State Bar Ethics / Client Wire Fraud / Escrow Defense
"SLOTTER LAW, PLLC","SLOTTER LAW, PLLC",1000 MAIN ST STE 2300,HOUSTON,TX,77002,541110,Offices of Lawyers,Limited Liability Company (LLC),2025-01-21T00:00:00.000,State Bar Ethics / Client Wire Fraud / Escrow Defense
SOCIOS AUTO & HOME INSURANCE,SERGIO VALENZUELA JR,1608 WAYSIDE DR,HOUSTON,TX,77011,541199,"Professional, Scientific, and Technical Services (Legal, Accounting, IT)",Type IS,2021-11-09T00:00:00.000,State Bar Ethics / Client Wire Fraud / Escrow Defense
SORRELS LAW,"RANDALL O. SORRELS, P.C.",5300 MEMORIAL DR STE 270,HOUSTON,TX,77007,541110,Offices of Lawyers,Type CP,2023-06-29T00:00:00.000,State Bar Ethics / Client Wire Fraud / Escrow Defense
SORTO MULTISERVICES,DIANA LISBET SORTO,6883 GRIGGS RD,HOUSTON,TX,77023,541120,"Professional, Scientific, and Technical Services (Legal, Accounting, IT)",Type IS,2025-07-22T00:00:00.000,State Bar Ethics / Client Wire Fraud / Escrow Defense
STAR AUTO TITLE SERVICES,ANA PATRICIA SORTO,12112 ALMEDA RD,HOUSTON,TX,77045,541191,"Professional, Scientific, and Technical Services (Legal, Accounting, IT)",Type IS,2023-05-18T00:00:00.000,State Bar Ethics / Client Wire Fraud / Escrow Defense
STAR TEX AUTO TITLE SERVICE,LAURA ALICIA PEREZ,7309 S GESSNER RD,HOUSTON,TX,77036,541191,"Professional, Scientific, and Technical Services (Legal, Accounting, IT)",Type IS,2024-06-12T00:00:00.000,State Bar Ethics / Client Wire Fraud / Escrow Defense
STEPTOE,STEPTOE LLP,717 TEXAS ST STE 2800,HOUSTON,TX,77002,541110,Offices of Lawyers,Type PB,2024-02-08T00:00:00.000,State Bar Ethics / Client Wire Fraud / Escrow Defense
SUCCESS AUTO TITLE SERVICE,"SUCCESS HOLDINGS, LLC",6501 BELLFORT ST,HOUSTON,TX,77087,541191,"Professional, Scientific, and Technical Services (Legal, Accounting, IT)",Limited Liability Company (LLC),2024-08-02T00:00:00.000,State Bar Ethics / Client Wire Fraud / Escrow Defense
SUCCESS T2 LLC,SUCCESS T2 LLC,8607 HIGHWAY 6 S,HOUSTON,TX,77083,541191,"Professional, Scientific, and Technical Services (Legal, Accounting, IT)",Limited Liability Company (LLC),2024-02-29T00:00:00.000,State Bar Ethics / Client Wire Fraud / Escrow Defense
SUCCESS T2 LLC,SUCCESS T2 LLC,8615 1/2 HIGHWAY 6 S,HOUSTON,TX,77083,541191,"Professional, Scientific, and Technical Services (Legal, Accounting, IT)",Limited Liability Company (LLC),2025-02-13T00:00:00.000,State Bar Ethics / Client Wire Fraud / Escrow Defense
SUPERIOR MULTI SERVICES,XIOMARA M MENDOZA,8817 AIRLINE DR STE F54,HOUSTON,TX,77037,541191,"Professional, Scientific, and Technical Services (Legal, Accounting, IT)",Type IS,2024-08-21T00:00:00.000,State Bar Ethics / Client Wire Fraud / Escrow Defense
SURE TITLE EXPRESS,STEPHANIE JULIANA MEDINA,140 CYPRESS STATION DR # 100-35,HOUSTON,TX,77090,541191,"Professional, Scientific, and Technical Services (Legal, Accounting, IT)",Type IS,2023-10-25T00:00:00.000,State Bar Ethics / Client Wire Fraud / Escrow Defense
SUSMAN GODFREY L.L.P.,SUSMAN GODFREY L.L.P.,1000 LOUISIANA ST STE 5100,HOUSTON,TX,77002,541110,Offices of Lawyers,Type PB,2012-08-20T00:00:00.000,State Bar Ethics / Client Wire Fraud / Escrow Defense
SUTAXPRO MULTISERVICES,ROSA M MURILLO,7025 BREEN DR,HOUSTON,TX,77086,541199,"Professional, Scientific, and Technical Services (Legal, Accounting, IT)",Type IS,2023-12-13T00:00:00.000,State Bar Ethics / Client Wire Fraud / Escrow Defense
SWIFT AUTO TITLE SERVICES LLC,SWIFT AUTO TITLE SERVICES LLC,2612 BRIARHURST DR,HOUSTON,TX,77057,541199,"Professional, Scientific, and Technical Services (Legal, Accounting, IT)",Limited Liability Company (LLC),2025-02-22T00:00:00.000,State Bar Ethics / Client Wire Fraud / Escrow Defense
TEJANO'S MULTISERVICES & INSURANCE,YESENIA GARCIA-CASTRO,6008 W 34TH ST STE N,HOUSTON,TX,77092,541199,"Professional, Scientific, and Technical Services (Legal, Accounting, IT)",Type IS,2025-03-18T00:00:00.000,State Bar Ethics / Client Wire Fraud / Escrow Defense
TEXANS TITLE SERVICE,KARLA D SANDOVAL,123 NORTHPOINT DR STE 130,HOUSTON,TX,77060,541199,"Professional, Scientific, and Technical Services (Legal, Accounting, IT)",Type IS,2022-01-13T00:00:00.000,State Bar Ethics / Client Wire Fraud / Escrow Defense
TEXAS MOTORS TITLE SERVICE,KATYA MONSERRATH REYES ORTIZ,2440 SOUTH BLVD STE 102,HOUSTON,TX,77098,541199,"Professional, Scientific, and Technical Services (Legal, Accounting, IT)",Type IS,2024-02-06T00:00:00.000,State Bar Ethics / Client Wire Fraud / Escrow Defense
TEXMO,BRACEWELL LLP,2900 SOUTH TOWER PENNZOIL PLACE,HOUSTON,TX,77002,541110,Offices of Lawyers,Type PI,2008-02-12T00:00:00.000,State Bar Ethics / Client Wire Fraud / Escrow Defense
THE BUSINESS HUB MULTI-SERVICES,LEYDY LINARES VILLEGAS,14559 BEECHNUT ST,HOUSTON,TX,77083,541120,"Professional, Scientific, and Technical Services (Legal, Accounting, IT)",Type IS,2025-04-30T00:00:00.000,State Bar Ethics / Client Wire Fraud / Escrow Defense
THE ELAW AGENCY LLC,THE ELAW AGENCY LLC,10039 BISSONNET ST STE 148,HOUSTON,TX,77036,541191,"Professional, Scientific, and Technical Services (Legal, Accounting, IT)",Limited Liability Company (LLC),2024-10-15T00:00:00.000,State Bar Ethics / Client Wire Fraud / Escrow Defense
"THE LANIER LAW FIRM, P.C.","THE LANIER LAW FIRM, P.C.",6810 FM 1960 RD W,HOUSTON,TX,77069,541110,Offices of Lawyers,Type CP,2007-05-02T00:00:00.000,State Bar Ethics / Client Wire Fraud / Escrow Defense
THE MARKER GROUP INC,"THE MARKER GROUP, INC.",13105 NORTHWEST FWY STE 300,HOUSTON,TX,77040,541110,Offices of Lawyers,Texas Corporation,2002-03-20T00:00:00.000,State Bar Ethics / Client Wire Fraud / Escrow Defense
THE MARKER GROUP INC,"THE MARKER GROUP, INC.",1221 LAMAR ST STE 515,HOUSTON,TX,77010,541110,Offices of Lawyers,Texas Corporation,2002-03-20T00:00:00.000,State Bar Ethics / Client Wire Fraud / Escrow Defense
THE RESEARCH STAFF,THE RESEARCH STAFF INC.,5718 HEWITT DR,HOUSTON,TX,77092,541110,Offices of Lawyers,Texas Corporation,1992-01-30T00:00:00.000,State Bar Ethics / Client Wire Fraud / Escrow Defense
THE TAHIRIH JUSTICE CENTER,THE TAHIRIH JUSTICE CENTER,1717 SAINT JAMES PL STE 450,HOUSTON,TX,77056,541110,Offices of Lawyers,Type CM,2013-09-16T00:00:00.000,State Bar Ethics / Client Wire Fraud / Escrow Defense
TITLE DATA INC,"TITLE DATA, INC.",1225 NORTH LOOP W STE 950,HOUSTON,TX,77008,541191,"Professional, Scientific, and Technical Services (Legal, Accounting, IT)",Texas Corporation,2007-11-08T00:00:00.000,State Bar Ethics / Client Wire Fraud / Escrow Defense
TITLE PIXIE,KATY MILLER,1424 W 26TH ST,HOUSTON,TX,77008,541199,"Professional, Scientific, and Technical Services (Legal, Accounting, IT)",Type IS,2025-10-07T00:00:00.000,State Bar Ethics / Client Wire Fraud / Escrow Defense
TOGENIX,9X NOTARY SERVICES LLC,1880 S DAIRY ASHFORD RD STE 207 PMB 2003,HOUSTON,TX,77077,541199,"Professional, Scientific, and Technical Services (Legal, Accounting, IT)",Limited Liability Company (LLC),2025-11-18T00:00:00.000,State Bar Ethics / Client Wire Fraud / Escrow Defense
TROUTMAN PEPPER LOCKE LLP,TROUTMAN PEPPER LOCKE LLP,600 TRAVIS ST STE 2800,HOUSTON,TX,77002,541110,Offices of Lawyers,Type PF,2025-03-07T00:00:00.000,State Bar Ethics / Client Wire Fraud / Escrow Defense
TRUSTMARK TITLE CO,ROSA C MEDELLIN,8813 AIRLINE DR STE F9,HOUSTON,TX,77037,541120,"Professional, Scientific, and Technical Services (Legal, Accounting, IT)",Type IS,2025-12-10T00:00:00.000,State Bar Ethics / Client Wire Fraud / Escrow Defense
"U.S. LEGAL SUPPORT, INC.","U.S. LEGAL SUPPORT, INC.",363 N SAM HOUSTON PKWY E STE 1200,HOUSTON,TX,77060,541199,"Professional, Scientific, and Technical Services (Legal, Accounting, IT)",Texas Corporation,2018-02-20T00:00:00.000,State Bar Ethics / Client Wire Fraud / Escrow Defense
"U.S. LEGAL SUPPORT, INC.","U.S. LEGAL SUPPORT, INC.",363 N SAM HOUSTON PKWY E,HOUSTON,TX,77060,541199,"Professional, Scientific, and Technical Services (Legal, Accounting, IT)",Texas Corporation,2018-02-20T00:00:00.000,State Bar Ethics / Client Wire Fraud / Escrow Defense
UNION TITLE & TAX SERVICES,ALINA MARIA LAHENS FERNANDEZ,4606 FM 1960 RD W STE 437,HOUSTON,TX,77069,541120,"Professional, Scientific, and Technical Services (Legal, Accounting, IT)",Type IS,2025-03-19T00:00:00.000,State Bar Ethics / Client Wire Fraud / Escrow Defense
UNLIMITED SERVICES OF TEXAS,CARLOS RAMOS,5825 LAUDER RD,HOUSTON,TX,77039,541199,"Professional, Scientific, and Technical Services (Legal, Accounting, IT)",Type IS,2020-01-15T00:00:00.000,State Bar Ethics / Client Wire Fraud / Escrow Defense
VALUED GROWTH LLC,"VALUED GROWTH, LLC",7310 S HALL ST,HOUSTON,TX,77028,541199,"Professional, Scientific, and Technical Services (Legal, Accounting, IT)",Limited Liability Company (LLC),2025-10-22T00:00:00.000,State Bar Ethics / Client Wire Fraud / Escrow Defense
VANESSA PENA,VANESSA PENA,10815 VETERANS MEMORIAL DR STE 1200,HOUSTON,TX,77067,541191,"Professional, Scientific, and Technical Services (Legal, Accounting, IT)",Type IS,2025-04-03T00:00:00.000,State Bar Ethics / Client Wire Fraud / Escrow Defense
VIA RAPIDA TITLE AND MUTLISERVICE,VIA RAPIDA TITLE & MULTISERVICE LLC,422 W GULF BANK RD,HOUSTON,TX,77037,541120,"Professional, Scientific, and Technical Services (Legal, Accounting, IT)",Limited Liability Company (LLC),2025-07-01T00:00:00.000,State Bar Ethics / Client Wire Fraud / Escrow Defense
VICTORIA INSURANCE SERVICES,ELMER A SANDOVAL,8203 FONDREN RD STE B,HOUSTON,TX,77074,541120,"Professional, Scientific, and Technical Services (Legal, Accounting, IT)",Type IS,2023-12-29T00:00:00.000,State Bar Ethics / Client Wire Fraud / Escrow Defense
VINSON & ELKINS,VINSON & ELKINS L.L.P.,1001 FANNIN ST STE 2300,HOUSTON,TX,77002,541110,Offices of Lawyers,Type PI,1979-06-21T00:00:00.000,State Bar Ethics / Client Wire Fraud / Escrow Defense
WASHINGTON NOTARY & TITLE SERVICES,OYUKIE SOUKSANOM-WASHINGTON,14404 HEMPSTEAD RD,HOUSTON,TX,77040,541120,"Professional, Scientific, and Technical Services (Legal, Accounting, IT)",Type IS,2023-07-10T00:00:00.000,State Bar Ethics / Client Wire Fraud / Escrow Defense
WE TITLE TX,LILIANA VELASQUEZ,5757 ADDICKS SATSUMA RD # 13,HOUSTON,TX,77084,541191,"Professional, Scientific, and Technical Services (Legal, Accounting, IT)",Type IS,2025-06-12T00:00:00.000,State Bar Ethics / Client Wire Fraud / Escrow Defense
WEIL GOTSHAL & MANGES,WEIL GOTSHAL & MANGES LLP,700 LOUISIANA ST STE 1600,HOUSTON,TX,77002,541110,Offices of Lawyers,Type PI,1989-06-03T00:00:00.000,State Bar Ethics / Client Wire Fraud / Escrow Defense
WINSTON & STRAWN LLP,WINSTON & STRAWN LLP,800 CAPITOL ST STE 2400,HOUSTON,TX,77002,541110,Offices of Lawyers,Type PB,2023-10-23T00:00:00.000,State Bar Ethics / Client Wire Fraud / Escrow Defense
WINSTON & STRAWN LLP,WINSTON & STRAWN LLP,575 N DAIRY ASHFORD RD STE 400,HOUSTON,TX,77079,541110,Offices of Lawyers,Type PB,2023-10-23T00:00:00.000,State Bar Ethics / Client Wire Fraud / Escrow Defense
WRIGHT AND ASSOCIATES,C B WRIGHT PLLC,717 TEXAS ST STE 1200,HOUSTON,TX,77002,541110,Offices of Lawyers,Limited Liability Company (LLC),2024-12-03T00:00:00.000,State Bar Ethics / Client Wire Fraud / Escrow Defense
WWW.HOSPITALITYLAWYER.COM,"HL.COM, INC.",3300 TAFT ST UNIT F,HOUSTON,TX,77006,541199,"Professional, Scientific, and Technical Services (Legal, Accounting, IT)",Texas Corporation,2005-05-16T00:00:00.000,State Bar Ethics / Client Wire Fraud / Escrow Defense
XTREME TITLES & INSURANCE SERVICES,"XTREME TITLES & INSURANCE SERVICES, LLC",3640 HILLCROFT ST STE E,HOUSTON,TX,77057,541120,"Professional, Scientific, and Technical Services (Legal, Accounting, IT)",Limited Liability Company (LLC),2023-11-02T00:00:00.000,State Bar Ethics / Client Wire Fraud / Escrow Defense
Y & Y AGENCY INC,Y & Y AGENCY INC,3645 CYPRESS CREEK PKWY STE 142,HOUSTON,TX,77068,541120,"Professional, Scientific, and Technical Services (Legal, Accounting, IT)",Texas Corporation,2024-06-29T00:00:00.000,State Bar Ethics / Client Wire Fraud / Escrow Defense
YAYABO MULTISERVICE,KINGS OF KATY  LOGISTICS LLC,13501 KATY FWY STE 1428,HOUSTON,TX,77079,541199,"Professional, Scientific, and Technical Services (Legal, Accounting, IT)",Limited Liability Company (LLC),2024-07-30T00:00:00.000,State Bar Ethics / Client Wire Fraud / Escrow Defense
ZOA MULTI SERVICES,ZOA JURY CLEMENTE MENDEZ,12941 NORTH FWY STE 2061,HOUSTON,TX,77060,541191,"Professional, Scientific, and Technical Services (Legal, Accounting, IT)",Type IS,2025-04-24T00:00:00.000,State Bar Ethics / Client Wire Fraud / Escrow Defense
